"State","Year","Population","Aggravated.assault","Burglary","Larceny.theft","Legacy.rape","Motor.vehicle.theft","Murder","Robbery"
"Alabama",1966,3517000,177.679840773386,527.46659084447,869.576343474552,9.69576343474552,130.963889678703,10.9183963605345,31.959056013648
"Alabama",1976,3665000,255.961800818554,1169.95907230559,1987.23055934516,21.6643929058663,262.319236016371,15.0886766712142,96.043656207367
"Alabama",1986,4053000,407.944732297064,1158.99333826795,2304.36713545522,28.3740439180854,266.987416728349,10.0912904021712,111.596348383913
"Alabama",1996,4273000,355.581558623918,1002.12965129885,2886.73063421484,32.6936578516265,365.831968172244,10.3908261174819,166.721273110227
"Alabama",2006,4599030,227.504495513184,973.683581102972,2640.79599393785,35.7901557502343,326.547119718723,8.30609932964125,153.55411902075
"Alabama",2016,4863300,388.15207780725,700.450311516871,2006.33314827381,28.4786050624062,241.050315629305,8.36880307610059,96.3543273086176
"Alaska",1966,272000,81.9852941176471,593.014705882353,1600.73529411765,19.4852941176471,441.544117647059,12.8676470588235,36.0294117647059
"Alaska",1976,382000,357.068062827225,1218.06282722513,3656.80628272251,46.8586387434555,805.759162303665,11.2565445026178,124.869109947644
"Alaska",1986,534000,401.123595505618,1161.79775280899,3909.92509363296,72.6591760299626,603.74531835206,8.61423220973783,88.0149812734082
"Alaska",1996,607000,537.726523887974,843.163097199341,3386.65568369028,65.5683690280066,492.915980230643,7.41350906095552,116.968698517298
"Alaska",2006,670053,516.675546561242,620.100201028874,2579.4974427396,76.4118659270237,378.477523419789,5.37270932299385,89.5451553832309
"Alaska",2016,741894,540.643272489062,546.304458588424,2394.68172003009,102.036139933737,412.053473946413,7.00908755159093,114.571623439467
"Arizona",1966,1618000,122.373300370828,931.14956736712,2630.09888751545,18.2941903584672,372.311495673671,6.05686032138443,55.5006180469716
"Arizona",1976,2270000,287.885462555066,2366.60792951542,4642.6872246696,29.6916299559471,421.806167400881,7.79735682819383,129.911894273128
"Arizona",1986,3317000,436.810370817003,1907.68766958095,4336.59933675008,42.9605064817606,418.812179680434,9.25535122098282,169.249321676213
"Arizona",1996,4428000,424.028906955736,1256.3233965673,4252.48419150858,31.1878952122855,926.693766937669,8.51400180668473,167.773261065944
"Arizona",2006,6166318,340.284104712083,963.58961701294,2891.85539895931,39.715759063999,918.700592476742,8.64373196452081,153.91681064778
"Arizona",2016,6931071,315.362517567631,544.446882740056,2168.13534300832,35.3769280389712,265.774221617409,5.48255817895964,101.78802092779
"Arkansas",1966,1955000,116.624040920716,360.306905370844,774.424552429668,9.82097186700767,85.2173913043478,7.10997442455243,29.3606138107417
"Arkansas",1976,2109000,192.935040303461,937.458511142722,2013.94025604552,24.1820768136558,151.351351351351,10.099573257468,76.7188240872451
"Arkansas",1986,2372000,278.161888701518,1029.89038785835,2305.10118043845,28.920741989882,194.898819561551,8.05227655986509,79.6795952782462
"Arkansas",1996,2510000,359.840637450199,953.187250996016,2908.76494023904,41.6733067729084,312.948207171315,8.72509960159362,114.103585657371
"Arkansas",2006,2810872,400.551857217262,1133.59839935792,2584.4648920335,47.1383969102826,267.354756815679,7.29311046536449,97.7988325331072
"Arkansas",2016,2988248,400.970736029941,795.482838104468,2233.64995140966,51.7025360679569,239.437958295295,7.22831572212213,70.9445802356431
"California",1966,18918000,159.113014060683,1277.43947563167,2506.19515805053,23.4274236177186,460.704091341579,4.58822285653875,117.967015540755
"California",1976,21520000,338.703531598513,2174.6282527881,3745.75278810409,44.6747211895911,644.2843866171,10.3159851301115,275.64126394052
"California",1986,26981000,521.481783477262,1696.37152069975,3383.87754345651,44.9167932989882,762.006597235091,11.2597753975019,342.878321781995
"California",1996,31878000,525.798356233139,979.396448961666,2605.11010728402,32.1350147437104,760.606060606061,9.14737436476567,295.570612961917
"California",2006,36457549,306.164300842056,678.131160161096,1835.2934257868,25.3308306600644,668.325234919111,6.81888955288794,195.136540857423
"California",2016,39250017,265.923451701944,479.755206220675,1622.95471107694,25.8573136414183,450.333562912852,4.91719532248865,139.589748457943
"Colorado",1966,1977000,93.7784522003035,711.026808295397,1831.3100657562,17.3495194739504,298.330804248862,3.99595346484573,53.8189175518462
"Colorado",1976,2583000,236.662795199381,1879.90708478513,4043.47657762292,33.7979094076655,442.044134727062,6.81378242353852,139.68253968254
"Colorado",1986,3267000,329.415365779002,1791.58249158249,4230.7621671258,42.3018059381696,485.950413223141,7.04009794918886,144.811753902663
"Colorado",1996,3823000,255.375359665184,900.758566570756,3415.53753596652,46.1679309442846,397.750457755689,4.70834423227832,98.2212921789171
"Colorado",2006,4753377,265.937248402557,681.852081162508,2321.97025398995,45.3993024327757,434.554212720767,3.59744240778714,80.4480688150761
"Colorado",2016,5540545,211.098366676924,431.419652759792,1955.33110912374,47.2697180512025,353.954349256255,3.68194825599287,63.6760463095237
"Connecticut",1966,2875000,45.7739130434783,616.626086956522,1040.66086956522,5.98260869565217,250.330434782609,1.98260869565217,20.904347826087
"Connecticut",1976,3117000,132.820019249278,1383.86268848252,2785.75553416747,14.3727943535451,561.758100737889,3.11196663458454,122.906641000962
"Connecticut",1986,3189000,205.111320163061,1197.55409219191,2758.32549388523,23.8319222326748,447.099404201944,4.64095327688931,192.191909689558
"Connecticut",1996,3274000,214.569334147831,842.211362248015,2484.05620036652,23.0604764813684,489.370800244349,4.82590103848503,169.578497251069
"Connecticut",2006,3504809,148.709958231675,444.617666754451,1847.8895711578,19.8584288045369,293.596598273972,3.90891486526085,127.253724810682
"Connecticut",2016,3576452,128.031915429034,280.864946600709,1328.46743085046,15.6859367887504,198.716493329143,2.1809323877407,75.5776954367065
"Delaware",1966,512000,50.78125,762.3046875,1458.7890625,9.5703125,270.703125,8.984375,58.59375
"Delaware",1976,582000,169.072164948454,1542.6116838488,3915.80756013746,17.6975945017182,484.364261168385,6.18556701030928,128.694158075601
"Delaware",1986,633000,241.074249605055,1042.33807266983,3090.36334913112,56.8720379146919,271.879936808847,4.89731437598736,124.170616113744
"Delaware",1996,725000,421.51724137931,804.137931034483,2988.27586206897,62.6206896551724,434.206896551724,4.27586206896552,179.862068965517
"Delaware",2006,853476,437.387811725227,742.493051942878,2395.96661183208,48.8590188827805,337.912255294818,4.92105226157502,209.847728582878
"Delaware",2016,952065,327.813752212296,527.590027991786,2078.74462352886,23.2127008134949,159.652964871096,5.88195133735617,142.742354776197
"District of Columbia",1966,808000,393.193069306931,1299.25742574257,1945.42079207921,16.5841584158416,812.5,17.450495049505,458.292079207921
"District of Columbia",1976,702000,378.774928774929,1690.74074074074,3490.88319088319,72.3646723646724,420.51282051282,26.7806267806268,1003.4188034188
"District of Columbia",1986,626000,667.891373801917,1727.6357827476,4131.15015974441,52.3961661341853,975.239616613418,30.9904153354633,753.993610223642
"District of Columbia",1996,543000,1162.06261510129,1809.94475138122,5779.92633517495,47.8821362799263,1837.01657458564,73.1123388581952,1186.74033149171
"District of Columbia",2006,581530,789.125238594741,659.467267380875,2735.54244836896,31.8126321943838,1258.92043402748,29.0612694100046,658.435506336732
"District of Columbia",2016,681170,596.473714344437,346.609510107609,4019.84820235771,58.8692984130247,436.454923146938,20.4060660334425,510.885681988344
"Florida",1966,5941000,212.977613196432,1057.71755596701,2077.49537114964,14.6608315098468,243.275542837906,10.3012960781013,99.8653425349268
"Florida",1976,8421000,414.962593516209,1954.74409215058,4073.96983731148,36.2783517396984,339.686498040613,10.7231920199501,186.379289870562
"Florida",1986,11675000,605.293361884368,2221.25053533191,4372.55674518201,52.6937901498929,598.064239828694,11.7430406852248,366.783725910064
"Florida",1996,14400000,702.236111111111,1521.22222222222,4204.5,52.1388888888889,720.618055555556,7.47916666666667,289.1875
"Florida",2006,18089888,485.635953080528,944.577434641939,2618.99907838014,35.7934775494464,422.633904643301,6.24105577657529,188.762915502849
"Florida",2016,20612439,290.193702938308,486.720664158181,1990.79788665475,26.8187573532662,209.266841250567,5.38994924375519,97.8777911726021
"Georgia",1966,4459000,142.565597667638,551.244673693653,943.485086342229,14.5772594752187,181.744785826418,11.3029827315542,34.8732899753308
"Georgia",1976,4970000,241.891348088531,1448.37022132797,2618.30985915493,24.9496981891348,319.678068410463,13.9235412474849,142.374245472837
"Georgia",1986,6104000,318.627129750983,1453.06356487549,2984.45281782438,43.872870249017,430.275229357798,11.2385321100917,213.89252948886
"Georgia",1996,7353000,392.751257989936,1114.75588195294,3927.68937848497,32.0549435604515,628.518971848225,8.56793145654835,205.358357133143
"Georgia",2006,9363941,282.669444414483,909.232554968042,2503.70009806768,23.1633240747672,460.564627649832,6.46095484796412,165.646067184746
"Georgia",2016,10310371,238.546217202077,614.371684588266,2130.13673319806,24.5190013046087,259.9421495114,6.60499995586968,118.375953687796
"Hawaii",1966,718000,53.899721448468,1129.66573816156,1971.03064066852,4.87465181058496,319.220055710306,2.92479108635098,21.5877437325905
"Hawaii",1976,887000,66.5163472378805,1881.62344983089,3668.99661781285,23.5625704622322,542.051860202931,6.20067643742954,133.032694475761
"Hawaii",1986,1062000,103.107344632768,1338.79472693032,3759.13370998117,30.9792843691149,328.248587570621,4.80225988700565,106.308851224105
"Hawaii",1996,1184000,114.02027027027,1079.47635135135,4620.01689189189,27.5337837837838,604.476351351351,3.37837837837838,135.641891891892
"Hawaii",2006,1285498,162.582905613233,678.647496923371,2939.25000272268,27.4601749672112,602.023495952541,1.63360814252531,88.9927483356645
"Hawaii",2016,1428557,193.831957702773,421.194254061966,2175.76197519595,31.2903160321919,395.783997418374,2.45002474524993,69.5807027650979
"Idaho",1966,694000,46.1095100864553,389.913544668588,1451.87319884726,9.51008645533141,103.170028818444,3.02593659942363,7.78097982708934
"Idaho",1976,831000,162.815884476534,1036.7027677497,2776.89530685921,18.6522262334537,230.204572803851,5.29482551143201,39.9518652226233
"Idaho",1986,1003000,177.966101694915,1003.48953140578,2799.70089730808,20.0398803589232,181.256231306082,3.19042871385843,21.3359920239282
"Idaho",1996,1189000,216.989066442389,709.083263246426,2848.78048780488,26.3246425567704,187.468460891505,3.61648444070648,20.26913372582
"Idaho",2006,1466465,185.889196128104,514.502562284132,1715.28130572499,41.6648198218164,166.113749731497,2.38669180648703,20.048211174491
"Idaho",2016,1683140,171.999952469789,375.369844457383,1245.41036396259,31.4293522820443,123.400311322885,2.91122544767518,12.6549187827513
"Illinois",1966,10722000,156.407386681589,560.520425293789,1418.59727662749,16.5734004849841,415.31430703227,6.94833053534788,184.890878567431
"Illinois",1976,11229000,303.669071155045,1258.39344554279,2991.77130643869,24.6059310713332,579.303588921542,10.3393000267165,287.140439932318
"Illinois",1986,11533000,434.258215555363,1181.87808896211,2943.01569409521,41.3162230122258,629.385242348045,8.87019856065204,325.873580161276
"Illinois",1996,11847000,562.581244196843,913.184772516249,3026.20916687769,38.3894656875158,490.225373512282,9.95188655355786,279.44627331814
"Illinois",2006,12831970,318.407851639304,602.082143271844,2124.21007842132,31.7799994856596,293.337655870455,6.07856782707566,185.333974440402
"Illinois",2016,12801539,250.477696470713,374.868990361237,1518.62209692132,28.3950234421033,155.528175167064,8.23338506409269,139.256694058425
"Indiana",1966,4918000,68.9304595363969,627.47051647011,1286.74257828386,10.5734038226921,275.53883692558,4.00569337128914,62.8100854005693
"Indiana",1976,5302000,156.280648811769,1215.57902678235,2769.87929083365,23.1610712938514,372.425499811392,7.11052433044134,128.819313466616
"Indiana",1986,5504000,185.864825581395,886.664244186047,2332.92151162791,25.8720930232558,327.525436046512,5.97747093023256,90.0072674418605
"Indiana",1996,5841000,371.597329224448,783.804143126177,2752.55949323746,34.1037493579866,424.87587741825,7.19054956343092,124.105461393597
"Indiana",2006,6313520,173.532355959908,721.277512386117,2386.22828469697,28.6844739543076,341.964545926836,5.71788796107401,113.645003104449
"Indiana",2016,6633053,249.884932323019,514.046849919637,1853.30947905889,27.9057019444892,222.084762476645,6.6183701532311,110.507182740738
"Iowa",1966,2747000,25.0455041863851,336.54896250455,1131.19767018566,4.80524208227157,131.852930469603,1.56534401164907,12.7775755369494
"Iowa",1976,2870000,78.7108013937282,827.073170731707,2884.59930313589,10.6968641114983,206.898954703833,2.33449477351916,41.1149825783972
"Iowa",1986,2851000,178.849526481936,955.980357769204,2801.2627148369,12.486846720449,158.330410382322,1.78884601894072,41.9852683269028
"Iowa",1996,2852000,205.855539971949,664.586255259467,2520.79242636746,19.6704067321178,191.058906030856,1.85834502103787,45.0911640953717
"Iowa",2006,2982085,210.792113571545,608.969898577673,2045.4816009604,29.2077522941164,169.143401345032,1.84434715978921,43.8954624029831
"Iowa",2016,3134693,211.950580168457,479.472790477409,1447.60587400425,29.41276865071,158.962935126343,2.26497459240825,36.6224060856996
"Kansas",1966,2250000,69.8666666666667,476.088888888889,1366.31111111111,8.88888888888889,147.777777777778,3.46666666666667,29.6444444444444
"Kansas",1976,2310000,170.38961038961,1325.45454545455,2938.09523809524,21.9047619047619,232.251082251082,4.5021645021645,85.8441558441558
"Kansas",1986,2461000,251.930109711499,1187.68793173507,3008.08614384397,32.9134498171475,257.984559122308,4.38845997561967,79.561154002438
"Kansas",1996,2572000,268.273716951789,981.298600311042,3038.29704510109,42.6127527216174,248.367029548989,6.60964230171073,96.2674961119751
"Kansas",2006,2764075,313.956748641046,726.680715971889,2729.66543961361,46.2722610638279,315.620958186735,4.52230854806762,67.9431636261679
"Kansas",2016,2907289,274.000967912031,494.068529134874,1962.85955747777,33.3988124331637,238.607169772252,3.81798988679832,57.4762261336936
"Kentucky",1966,3183000,73.5469682689287,482.563619227144,896.387056236255,8.32547910775997,227.741124725102,7.00596921143575,42.7898209236569
"Kentucky",1976,3428000,135.12252042007,930.163360560093,1857.73045507585,17.8238039673279,246.791131855309,10.5600933488915,98.6581096849475
"Kentucky",1986,3728000,222.18347639485,824.168454935622,1740.39699570815,23.068669527897,193.213519313305,6.65236051502146,82.5107296137339
"Kentucky",1996,3884000,189.160659114315,688.362512873326,1896.31822863028,31.6683831101957,261.122554067971,5.870236869207,93.7950566426365
"Kentucky",2006,4206074,143.268996218326,662.541838303368,1716.49381347071,31.1929842413614,222.630414966546,4.11309929402098,91.5342906472877
"Kentucky",2016,4436974,113.545853547936,469.554250261552,1497.37185748666,26.4594744075579,222.809509363814,5.85984952807927,75.9301271542272
"Louisiana",1966,3603000,147.932278656675,578.545656397447,1073.6885928393,16.5695253955037,264.751595892312,9.85290036081044,66.8054399111851
"Louisiana",1976,3841000,308.539442853424,1140.58838844051,2447.04504035407,26.7638635771934,300.59880239521,13.1736526946108,124.342619109607
"Louisiana",1986,4501000,481.581870695401,1460.80870917574,3417.41835147745,40.1244167962675,441.568540324372,12.7749389024661,223.750277716063
"Louisiana",1996,4351000,593.495748103884,1295.77108710641,3982.32590209147,41.4847161572052,631.578947368421,17.5132153527925,276.626062974029
"Louisiana",2006,4287768,532.981262045894,1089.21471497525,2626.19152901929,37.0122637232238,365.388239289066,12.9437973323184,138.253748803573
"Louisiana",2016,4681666,396.354631022375,740.484263507905,2336.34778730478,28.3659705754319,220.84018808689,11.8333943514979,119.102900548651
"Maine",1966,983000,36.4191251271617,363.987792472024,907.121057985758,4.88301119023398,106.612410986775,2.23804679552391,5.90030518819939
"Maine",1976,1070000,169.439252336449,1313.17757009346,2337.47663551402,9.90654205607477,213.738317757009,2.71028037383178,37.9439252336449
"Maine",1986,1174000,102.299829642249,803.492333901193,2346.50766609881,14.8211243611584,164.224872231687,1.95911413969336,27.93867120954
"Maine",1996,1243000,78.5197103781175,748.431214802896,2377.87610619469,20.9171359613837,142.880128720837,2.01126307320998,23.4915526950925
"Maine",2006,1321574,59.4745356673179,518.018665621448,1926.86902133365,25.802565728442,101.923917994755,1.74034900807673,28.9805943518865
"Maine",2016,1331479,71.3492289401485,300.643119418331,1286.83967227422,22.5313354547837,58.205949924858,1.50208903031892,19.9777841032416
"Maryland",1966,3613000,164.904511486299,754.331580404096,1668.1428176031,15.3335178522004,430.168834763355,7.03016883476336,123.719900359812
"Maryland",1976,4144000,297.369691119691,1359.94208494208,3242.15733590734,32.0222007722008,428.861003861004,8.49420849420849,295.535714285714
"Maryland",1986,4463000,476.428411382478,1245.64194488013,2977.90723728434,43.5581447456868,545.238628725073,8.98498767645082,304.033161550527
"Maryland",1996,5072000,488.820977917981,992.330441640379,3426.99132492114,37.5591482649842,711.415615141956,11.5930599369085,393.217665615142
"Maryland",2006,5615727,391.95281394555,667.037411184696,2270.44512669508,20.9768031814937,543.527133708601,9.72269485322203,255.995350201319
"Maryland",2016,6016447,263.843427857006,410.408335683835,1677.38534055066,21.0423194952104,196.694161853333,7.99475171974423,171.014553938562
"Massachusetts",1966,5383000,60.4681404421326,619.097157718744,989.113877020249,6.39048857514397,551.848411666357,2.37785621400706,45.9595021363552
"Massachusetts",1976,5809000,198.003098640041,1662.14494749527,2446.80667929076,17.696677569289,1312.73885350318,3.33964537786194,180.168703735583
"Massachusetts",1986,5832000,330.898491083676,1070.90192043896,2189.09465020576,29.6810699588477,906.481481481482,3.56652949245542,192.712620027435
"Massachusetts",1996,6092000,482.928430728825,704.136572554169,1962.60669730794,29.005252790545,528.200919238345,2.57715036112935,127.675640183848
"Massachusetts",2006,6437193,344.529051715554,547.490187104845,1564.73481531469,27.5119916398343,279.236617575393,2.92052762749229,125.520549096477
"Massachusetts",2016,6811779,264.982172792159,281.761930326865,1161.04764996046,23.3712808357406,118.295088551757,1.96718067336007,78.7606291983342
"Michigan",1966,8374000,143.790303319799,984.033914497253,2038.71507045617,28.1585860998328,353.475041796035,4.9558156197755,155.146883209936
"Michigan",1976,9104000,266.135764499121,1668.50834797891,3550.56019332162,36.1050087873462,613.148066783831,11.1379613356766,332.644991212654
"Michigan",1986,9145000,423.925642427556,1509.45872061236,3377.73646801531,67.4357572443958,800.360852925096,11.2848551120831,301.257517769273
"Michigan",1996,9594000,394.579945799458,895.434646654159,2886.27267041901,56.9731081926204,700.46904315197,7.52553679382948,176.224723785699
"Michigan",2006,10095643,363.364671274529,755.900342355608,1972.96001849511,52.9634417540319,496.233870393396,7.14169468948139,140.941988539016
"Michigan",2016,9928300,309.509180826526,398.537513975202,1308.1393592055,51.5093218375754,203.217066365843,6.02318624537937,71.7141907476607
"Minnesota",1966,3576000,44.3512304250559,579.2225950783,1305.45302013423,7.29865771812081,246.252796420582,2.20917225950783,49.3568232662192
"Minnesota",1976,3965000,87.8940731399748,1122.14375788146,2672.83732660782,18.3102143757881,347.137452711223,2.3203026481715,80.4287515762926
"Minnesota",1986,4214000,148.291409587091,1004.24774560987,2785.26340768866,31.7513051732321,288.134788799241,2.49169435215947,102.017085904129
"Minnesota",1996,4658000,169.665092314298,762.45169600687,2977.05023615286,49.9570631172177,384.778875053671,3.58522971232289,115.60755689137
"Minnesota",2006,5167101,170.888860117114,586.518436546915,2239.03113177002,31.8360333966764,256.952592952992,2.43850468570287,105.300825356423
"Minnesota",2016,5519952,130.743890526584,337.068148418682,1638.09395444018,31.3589683388551,158.117316962176,1.82972605558889,67.5368191607463
"Mississippi",1966,2327000,119.639020197679,238.418564675548,448.560378169317,7.95015040825097,59.6476149548775,9.6691018478728,13.3218736570692
"Mississippi",1976,2354000,202.50637213254,811.299915038233,1239.42225998301,16.3126593033135,122.175021240442,12.4893797790994,64.1036533559898
"Mississippi",1986,2625000,172.419047619048,1075.88571428571,1844.95238095238,25.8285714285714,150.095238095238,11.2380952380952,64.647619047619
"Mississippi",1996,2716000,306.811487481591,1132.36377025037,2551.50957290133,36.119293078056,350.773195876289,11.0824742268041,134.241531664212
"Mississippi",2006,2910540,156.225305269812,931.682780514956,1972.34877376707,35.6978430119497,286.201186034207,7.9366715454864,111.972348773767
"Mississippi",2016,2988726,149.59551327221,781.403179816417,1842.05577895063,30.2804606377433,144.67702961061,7.96325926163857,80.2013968493599
"Missouri",1966,4508000,118.500443655723,782.165039929015,1606.2777284827,17.5909494232476,284.560780834073,5.43478260869565,105.789707187223
"Missouri",1976,4778000,208.894935119297,1403.18124738384,2794.93511929678,27.1243197990791,386.58434491419,9.27166178317288,204.06027626622
"Missouri",1986,5066000,369.95657323332,1136.12317410186,2500.4737465456,29.2143703118831,438.866956178444,9.15909988156336,170.232925384919
"Missouri",1996,5359000,383.056540399328,894.178018286994,3151.14760216458,29.2218697518194,447.695465571935,8.07986564657585,170.5915282702
"Missouri",2006,5842713,379.395667731754,765.637470127319,2633.60531314819,30.1914538674071,434.712435815348,6.31555922736578,130.025212602433
"Missouri",2016,6093000,360.791071721648,520.433284096504,1978.40144428032,30.9207287050714,300.262596422124,8.81339241752831,107.828655834564
"Montana",1966,702000,42.5925925925926,496.011396011396,1555.12820512821,8.97435897435897,232.621082621083,2.84900284900285,17.8062678062678
"Montana",1976,753000,126.162018592297,841.035856573705,2932.66932270916,13.5458167330677,307.835325365206,5.0464807436919,35.5909694555113
"Montana",1986,819000,117.582417582418,792.551892551892,3314.04151404151,17.3382173382173,214.896214896215,2.93040293040293,19.5360195360195
"Montana",1996,879000,100.341296928328,558.361774744027,3518.54379977247,27.0762229806598,255.745164960182,3.86803185437998,29.6928327645051
"Montana",2006,944632,312.290923873,357.81129582737,2292.85054920858,36.8397428840014,206.11200975618,3.49342389417255,24.6656899194607
"Montana",2016,1042520,283.927406668457,377.354870889767,2043.03034953766,39.7114683651153,263.112458274182,3.45317116218394,25.5150980316924
"Nebraska",1966,1456000,31.3186813186813,420.123626373626,1267.03296703297,6.66208791208791,173.832417582418,1.78571428571429,24.8626373626374
"Nebraska",1976,1553000,124.082421120412,684.22408242112,2433.67675466838,20.4764971023825,233.54797166774,2.89761751448809,63.0392788151964
"Nebraska",1986,1598000,183.729662077597,748.185231539424,2677.34668335419,24.5932415519399,167.584480600751,3.12891113892365,51.1264080100125
"Nebraska",1996,1652000,341.101694915254,614.52784503632,3045.70217917676,27.0581113801453,341.585956416465,2.90556900726392,63.680387409201
"Nebraska",2006,1768331,194.137862198876,539.209005553824,2528.3727989839,32.6296377770904,292.139876527641,2.88407543610331,64.2413665767325
"Nebraska",2016,1907116,186.721730613135,337.892398784342,1677.6116397744,38.6971741624526,247.756297991313,2.56932457176176,49.6036947936046
"Nevada",1966,454000,98.4581497797357,931.497797356828,2091.18942731278,11.4537444933921,385.242290748899,10.5726872246696,96.9162995594714
"Nevada",1976,610000,337.377049180328,2392.45901639344,4717.37704918033,47.2131147540984,505.245901639344,11.4754098360656,294.918032786885
"Nevada",1986,963000,354.517133956386,1603.94600207684,3489.20041536864,64.9013499480789,477.673935617861,12.5649013499481,286.915887850467
"Nevada",1996,1603000,436.556456643793,1220.08733624454,3262.32064878353,53.3998752339364,698.315658140986,13.7242669993762,307.610729881472
"Nevada",2006,2495529,413.98036248026,997.86458101669,2020.773952136,43.7582572672968,1082.21543408231,9.05619610110722,282.024372387578
"Nevada",2016,2940058,395.876543932127,641.143814169653,1497.14733518863,43.9447112948112,448.290475902176,7.61889731427067,215.642004341411
"New Hampshire",1966,681000,21.43906020558,349.779735682819,647.723935389134,4.40528634361234,102.496328928047,1.90895741556535,10.2790014684288
"New Hampshire",1976,822000,48.4184914841849,937.469586374696,2335.2798053528,9.7323600973236,252.311435523114,3.28467153284672,24.8175182481752
"New Hampshire",1986,1027000,92.2103213242454,755.014605647517,2207.8870496592,21.5189873417722,227.653359298929,2.23953261927945,23.5637779941577
"New Hampshire",1996,1162000,54.3889845094664,435.714285714286,2117.98623063683,34.7676419965577,151.635111876076,1.72117039586919,27.2805507745267
"New Hampshire",2006,1314895,79.2458713433392,334.247221261013,1534.64725320273,22.4352514839588,113.012826119196,0.988672099293099,33.082489476346
"New Hampshire",2016,1334795,120.692690637888,221.981652613323,1225.65637419978,31.6902595529651,65.2534658880203,1.27360381182129,31.9899310380995
"New Jersey",1966,6898000,85.401565671209,712.902290518991,1121.68744563642,9.27805160916208,332.038271962888,3.47926935343578,63.7431139460713
"New Jersey",1976,7336000,171.360414394766,1504.17121046892,2988.91766630316,19.9154852780807,510.659760087241,5.17993456924755,200.313522355507
"New Jersey",1986,7620000,265.354330708661,1070.80052493438,2822.48031496063,33.2152230971129,775.538057742782,5.23622047244094,268.674540682415
"New Jersey",1996,7988000,266.737606409614,791.925388082123,2428.15473209815,24.7371056584877,581.334501752629,4.2313470205308,235.828743114672
"New Jersey",2006,8724560,178.370026683294,451.415314927056,1543.7683963432,13.7657371833078,283.670465903152,4.89422962304116,153.130931531218
"New Jersey",2016,8944469,124.154938655386,282.677484823303,1135.2266970795,12.1751218546344,126.648099512671,4.15899479331864,100.441960277351
"New Mexico",1966,1022000,152.739726027397,917.808219178082,1856.26223091976,13.5029354207436,272.211350293542,6.26223091976517,44.8140900195695
"New Mexico",1976,1168000,378.938356164384,1679.53767123288,3651.54109589041,41.0102739726027,329.537671232877,9.67465753424658,124.743150684932
"New Mexico",1986,1479000,537.660581473969,1844.6923597025,3712.37322515213,46.8559837728195,343.272481406356,11.4942528735632,129.546991210277
"New Mexico",1996,1713000,603.152364273205,1376.8826619965,3802.62697022767,63.5143023934618,582.194979568009,11.5002918855809,162.405137186223
"New Mexico",2006,1954599,485.777389633372,1069.58000080835,2346.4659503049,54.8961705188635,472.219621518276,6.85562614121874,107.183110192935
"New Mexico",2016,2081015,490.962342895174,830.412082565479,2542.36514393217,53.6757303527365,564.291944075367,6.67943287290096,131.522358080071
"New York",1966,18258000,159.612224778179,1074.1976120057,1568.67674444079,13.3585277686494,352.546828787381,4.83075911929017,164.848285682988
"New York",1976,18084000,302.134483521345,1763.54235788542,2855.16478655165,25.7852245078522,738.243751382437,10.8880778588808,529.296615792966
"New York",1986,17772000,430.609948233176,1221.07810038262,2923.53139770425,30.4692775151924,637.221471978393,10.7303623677695,514.067071798334
"New York",1996,18185000,356.65108605994,713.929062414078,2196.98652735771,22.9529832279351,494.363486389882,7.44019796535606,339.961506736321
"New York",2006,19306183,235.504863908107,355.414635819002,1542.65086993115,16.4092508602037,166.43890716254,4.77567212534969,178.486860919116
"New York",2016,19745289,228.302558650826,201.673421948901,1271.02723084985,23.1396967651372,72.8882722354684,3.19063448501564,113.01936375811
"North Carolina",1966,5000000,251.3,442.68,825.16,10.76,140.88,9.18,24.26
"North Carolina",1976,5469000,306.363137685134,1175.51654781496,2124.04461510331,15.3227281038581,178.277564454196,11.1354909489852,70.5613457670507
"North Carolina",1986,6331000,353.640815037119,1225.03553940926,2422.65045016585,26.4255251934923,208.276733533407,8.13457589638288,87.6796714579055
"North Carolina",1996,7323000,384.528198825618,1345.60972279121,3257.01215348901,31.2576812781647,335.463607811006,8.45281988256179,163.88092311894
"North Carolina",2006,8856505,288.894998647886,1211.91147072124,2564.37499894146,28.1713836327084,339.885767579875,6.08592215552297,152.069015938003
"North Carolina",2016,10146788,245.456985993991,710.392293600694,1876.22920672039,20.5582298555957,150.845765182046,6.68191746984366,92.0094122396171
"North Dakota",1966,650000,23.2307692307692,221.384615384615,862.923076923077,4.30769230769231,87.2307692307692,1.84615384615385,6.15384615384615
"North Dakota",1976,643000,48.6780715396579,478.538102643857,1804.5101088647,5.59875583203732,159.409020217729,1.39968895800933,16.1741835147745
"North Dakota",1986,679000,31.6642120765832,385.125184094256,2049.18998527246,11.6347569955817,119.882179675994,1.03092783505155,6.9219440353461
"North Dakota",1996,644000,46.7391304347826,309.16149068323,2085.86956521739,24.0683229813665,190.062111801242,2.17391304347826,11.0248447204969
"North Dakota",2006,635867,145.470672326131,409.04780402191,1521.07280296037,37.901007600646,170.790432590463,2.20171828385496,11.7949193777944
"North Dakota",2016,757952,180.090559824369,427.863505868445,1608.94093557376,33.775225871823,259.119310985392,1.97901714092713,23.8801401671874
"Ohio",1966,10305000,67.7826297913634,490.703541969918,1220.92188258127,9.34497816593886,235.487627365357,4.48326055312955,70.0242600679282
"Ohio",1976,10690000,171.721234798877,1203.16183348924,2978.20392890552,25.8091674462114,378.119738072965,7.4087932647334,183.76987839102
"Ohio",1986,10752000,234.663318452381,987.834821428571,2574.20944940476,38.6067708333333,375.706845238095,5.53385416666667,142.14099702381
"Ohio",1996,11173000,218.428354067842,835.37098362123,2784.1313881679,41.3228318267251,407.482323458337,4.81517945046093,164.109907813479
"Ohio",2006,11478006,145.870284437907,920.360208907366,2436.99123349474,41.5577409525661,330.867574036814,4.8788962124606,169.175726167071
"Ohio",2016,11614373,138.716054667781,575.864060849432,1832.27282264828,35.6540985897388,169.333290742428,5.63095399123138,107.823297908548
"Oklahoma",1966,2458000,84.0520748576078,611.716842961757,1240.23596419854,13.6696501220504,196.745321399512,5.49227013832384,41.2937347436941
"Oklahoma",1976,2766000,182.827187274042,1317.46203904555,2570.4266088214,27.0065075921909,306.435285610991,6.4352856109906,70.2819956616052
"Oklahoma",1986,3305000,285.35552193646,1786.80786686838,3141.66414523449,36.3691376701967,649.198184568835,8.13918305597579,106.535552193646
"Oklahoma",1996,3301000,436.928203574674,1255.58921538928,3317.35837624962,46.803998788246,482.853680702817,6.75552862768858,106.604059375947
"Oklahoma",2006,3579212,364.940662916866,962.139152416789,2286.90002156899,41.5733966023806,375.44576850994,5.86721323017469,87.8685028995209
"Oklahoma",2016,3923561,310.992998452171,741.749650381375,1931.38325108237,38.4599602249079,309.795107046889,6.24432753817259,80.5900558191908
"Oregon",1966,1955000,65.2173913043478,685.115089514067,1935.54987212276,12.6342710997442,240.204603580563,2.71099744245524,45.7800511508951
"Oregon",1976,2329000,284.972091026191,1699.74237870331,3806.82696436239,35.594675826535,394.80463718334,4.16487762988407,132.71790468012
"Oregon",1986,2698000,286.063750926612,1966.71608598962,4162.78724981468,51.1119347664937,401.519644180875,6.59747961452928,205.893254262417
"Oregon",1996,3204000,297.191011235955,988.264669163546,4014.29463171036,39.7003745318352,530.992509363296,4.02621722846442,122.159800249688
"Oregon",2006,3700758,176.072037134014,657.270753721265,2672.34442241292,32.9391978616273,395.513567760983,2.37789123201247,73.2552628407478
"Oregon",2016,4093465,164.115242221443,412.022577449667,2230.04227469882,30.8051980412682,322.294193305671,2.76049752471317,55.6496757636868
"Pennsylvania",1966,11582000,66.5601795890174,423.700569849767,728.665170091521,10.9393887066137,209.877395959247,3.26368502849249,50.2072180970471
"Pennsylvania",1976,11862000,132.793795312763,906.019221041983,1790.79413252403,18.1082448153768,348.195919743719,6.06137244983983,137.969988197606
"Pennsylvania",1986,11889000,175.801160736816,734.813693329969,1654.1088401043,25.0988308520481,354.361174194634,5.54293885103878,152.115400790647
"Pennsylvania",1996,12056000,260.459522229595,591.879562043796,2079.94359654944,25.1658925016589,404.246848042469,5.69011280690113,188.984737889847
"Pennsylvania",2006,12440621,237.777519305507,464.11670285591,1745.42733839412,29.0258822288694,238.798368666645,5.95629430395798,169.565490340072
"Pennsylvania",2016,12784227,180.12039366948,277.842375608631,1362.83562549382,25.2889752348734,102.055446919082,5.1704338478971,96.4156847340086
"Puerto Rico",2016,3411307,105.355513297396,241.87210356617,679.006609490146,3.75222751866074,111.013168852877,19.9043944153956,93.8350022440079
"Rhode Island",1966,898000,62.6948775055679,707.572383073497,1262.69487750557,5.01113585746102,514.031180400891,1.44766146993318,25.3897550111359
"Rhode Island",1976,927000,197.842502696872,1414.23948220065,3050.59331175836,8.52211434735707,885.54476806904,2.37324703344121,91.0463861920173
"Rhode Island",1986,975000,191.897435897436,1293.94871794872,2568.30769230769,21.4358974358974,704.717948717949,3.48717948717949,118.666666666667
"Rhode Island",1996,990000,232.424242424242,821.717171717172,2360.30303030303,28.989898989899,464.343434343434,2.52525252525253,83.2323232323232
"Rhode Island",2006,1067610,131.508696996094,510.767040398647,1765.8133588108,27.0698101366604,338.044791637396,2.52901340377104,69.313700695947
"Rhode Island",2016,1056426,143.218739410049,358.567471834279,1389.02298883216,31.0480809824824,151.075418439152,2.74510472101217,51.1157430809162
"South Carolina",1966,2586000,171.964423820572,536.1562258314,1060.20881670534,13.6117556071152,160.170146945089,11.6395978344934,28.7703016241299
"South Carolina",1976,2848000,449.964887640449,1553.61657303371,2503.23033707865,31.9171348314607,250.877808988764,11.622191011236,105.688202247191
"South Carolina",1986,3378000,525.222024866785,1340.31971580817,2845.82593250444,41.2966252220249,276.613380698638,8.6145648312611,99.4967436352872
"South Carolina",1996,3699000,766.720735333874,1283.77939983779,3505.00135171668,49.2295214922952,428.467153284671,8.97539875642065,171.965396052987
"South Carolina",2006,4321249,583.720123510587,993.971881740673,2894.41779448488,42.4414330208697,386.115218076996,8.37720760826326,136.580882055165
"South Carolina",2016,4961119,364.998299778739,664.688752678579,2298.51370225145,34.4881870400609,280.581860664902,7.377367888172,81.3324574556668
"South Dakota",1966,682000,62.9032258064516,318.91495601173,1021.11436950147,8.94428152492669,90.6158357771261,1.46627565982405,9.97067448680352
"South Dakota",1976,686000,145.918367346939,620.408163265306,1684.25655976676,15.3061224489796,149.562682215743,1.74927113702624,23.1778425655977
"South Dakota",1986,708000,86.864406779661,553.531073446328,1938.98305084746,17.6553672316384,98.728813559322,3.95480225988701,16.2429378531073
"South Dakota",1996,732000,116.120218579235,556.967213114754,2121.85792349727,40.9836065573771,113.934426229508,1.22950819672131,18.8524590163934
"South Dakota",2006,781919,181.348707474815,386.740826095798,1273.02188589867,59.4690754413181,106.660664339912,3.83671454460117,20.2066966015661
"South Dakota",2016,865454,325.031717456965,346.638873932063,1460.38957587578,43.7920444067507,173.550529548653,3.11974986538857,31.4285912365071
"Tennessee",1966,3883000,105.15065670873,602.472315220191,863.069791398403,10.8421323718774,193.098120010301,7.82899819727015,34.4321400978625
"Tennessee",1976,4214000,209.420977693403,1320.52681537731,2218.62838158519,25.4390128144281,325.913621262458,10.9634551495017,147.484575225439
"Tennessee",1986,4803000,274.495107224651,1325.19258796585,2125.81719758484,46.9706433479076,543.597751405372,10.4309806371018,207.745159275453
"Tennessee",1996,5320000,494.266917293233,1163.45864661654,2864.75563909774,46.5225563909774,647.142857142857,9.45488721804511,223.721804511278
"Tennessee",2006,6038803,534.658938203482,1043.65053802881,2718.8003980259,36.3317034849456,375.124010503406,6.93846114867466,184.523323579193
"Tennessee",2016,6651194,467.344660221909,606.086666544383,2020.74995857887,29.9344749228484,227.312569743117,7.3069587204944,117.467630623915
"Texas",1966,10752000,150.43712797619,768.70349702381,1646.08444940476,11.5048363095238,230.970982142857,9.14248511904762,55.6826636904762
"Texas",1976,12487000,175.262272763674,1547.8497637543,3209.47385280692,29.3585328741892,351.333386722191,12.1646512372868,138.960518939697
"Texas",1986,16682000,353.908404268073,2048.59729049275,3986.50641409903,51.5945330296128,714.069056468049,13.5355472964872,239.905287135835
"Texas",1996,19128000,421.439774153074,1068.5382685069,3447.37557507319,43.7892095357591,548.557089084065,7.72166457549143,171.497281472187
"Texas",2006,23507783,317.048187827836,917.61098866703,2759.55839816966,35.8562098348449,405.929389428174,5.89591966201151,158.483681766162
"Texas",2016,27862596,261.569309622118,533.833961487293,1978.10354785319,35.3807663865923,247.844816757204,5.30460262927403,119.576079701978
"Utah",1966,1008000,65.1785714285714,689.68253968254,2262.5,10.218253968254,264.186507936508,1.98412698412698,36.5079365079365
"Utah",1976,1228000,125.814332247557,1137.8664495114,3301.95439739414,20.928338762215,317.345276872964,4.47882736156352,69.3811074918567
"Utah",1986,1665000,179.63963963964,914.894894894895,4073.57357357357,25.2852852852853,223.183183183183,3.18318318318318,58.6186186186186
"Utah",1996,2000000,218.1,848.25,4377.1,41.8,428.6,3.15,68.85
"Utah",2006,2550063,140.663191458407,577.279855438866,2606.99441543209,34.94031323932,328.26639969287,1.99995058945603,48.7046790608703
"Utah",2016,3051217,140.075255217836,420.684598964938,2223.17848910779,36.5755696825234,307.680509121442,2.35971417306603,50.5044380652048
"Vermont",1966,405000,7.40740740740741,427.901234567901,552.592592592593,6.91358024691358,116.79012345679,1.48148148148148,3.95061728395062
"Vermont",1976,476000,80.0420168067227,1022.68907563025,1853.1512605042,14.9159663865546,198.109243697479,5.46218487394958,17.8571428571429
"Vermont",1986,541000,103.142329020333,949.16820702403,2697.41219963031,21.81146025878,181.146025878004,2.03327171903882,22.181146025878
"Vermont",1996,589000,76.9100169779287,673.005093378608,2058.40407470289,26.9949066213922,150.25466893039,1.86757215619694,15.4499151103565
"Vermont",2006,623908,96.8091449380357,551.844182155061,1740.16040826532,27.728447142848,99.373625598646,2.24392057803394,18.2719247068478
"Vermont",2016,624594,110.631866460453,336.69871948818,1315.57459725838,19.8528964415284,45.1493290041211,2.24145604984998,16.9710243774356
"Virginia",1966,4507000,166.163745285112,620.54581761704,1272.15442644775,11.9813623252718,205.280674506323,8.07632571555358,44.5085422675838
"Virginia",1976,5032000,167.925278219396,1019.05802861685,2650.23847376789,22.1581875993641,226.093004769475,9.45945945945946,108.18759936407
"Virginia",1986,5787000,166.683946777259,812.528080179713,2521.77293934681,26.490409538621,219.491964748574,7.1021254536029,105.719716606186
"Virginia",1996,6675000,184.539325842697,588.089887640449,2760.10486891386,26.7116104868914,278.771535580524,7.49063670411985,122.561797752809
"Virginia",2006,7642884,152.717220358179,420.86207248468,1874.84200990097,23.9307570283678,193.631095277646,5.27287866726749,101.780950751052
"Virginia",2016,8411808,122.18538511578,237.974998953852,1505.0985471851,23.3600196295493,116.36024027177,5.75381653979739,57.0983075219976
"Washington",1966,2980000,72.4161073825503,669.731543624161,2065.87248322148,11.6107382550336,240.369127516779,2.51677852348993,36.7114093959731
"Washington",1976,3612000,230.537098560354,1642.41417497231,3414.28571428571,34.2746400885936,348.726467331118,4.26356589147287,119.518272425249
"Washington",1986,4463000,243.535738292628,1861.48330719247,4266.63679139592,53.3721711853014,314.519381581896,4.99663903204123,135.133318395698
"Washington",1996,5533000,256.407012470631,1057.50948852341,3898.53605638894,51.1115127417314,522.1941080788,4.60871136815471,119.049340321706
"Washington",2006,6395798,202.226524352395,920.025929524353,2864.05230434107,42.9657096737577,726.007919574696,3.08014730921771,100.44094575845
"Washington",2016,7288000,179.747530186608,674.807903402854,2376.33095499451,30.9961580680571,443.002195389682,2.67563117453348,77.5384193194292
"West Virginia",1966,1794000,61.5384615384615,259.253065774805,509.810479375697,5.07246376811594,77.536231884058,4.23634336677815,19.0635451505017
"West Virginia",1976,1821000,96.5952773201538,573.146622734761,1458.97858319605,10.3239978034047,135.914332784185,6.69961559582647,38.0010982976387
"West Virginia",1986,1919000,98.6451276706618,625.273579989578,1357.73840541949,18.8639916623241,169.202709744659,5.94059405940594,41.0109431995831
"West Virginia",1996,1826000,146.330777656079,546.495071193866,1549.83570646221,19.60569550931,176.944140197152,3.77875136911282,40.3614457831325
"West Virginia",2006,1818470,207.647087936562,636.744076063944,1776.49342579201,22.2164786881279,223.099638707265,4.39930271052038,46.9075651509236
"West Virginia",2016,1831102,278.466191397312,507.945488563717,1402.27032683051,25.5583795987334,137.021312848765,4.42356569978079,39.3205839980514
"Wisconsin",1966,4161000,29.2237442922374,344.772891131939,1315.4530161019,3.62893535207883,191.612593126652,1.92261475606825,12.9055515501081
"Wisconsin",1976,4609000,63.5495769147321,843.805597743545,2696.35495769147,11.7596007810805,222.846604469516,3.03753525710566,59.318724235192
"Wisconsin",1986,4785000,161.880877742947,782.94670846395,2802.15256008359,20.0835945663532,253.814002089864,3.11389759665622,72.7899686520376
"Wisconsin",1996,5160000,131.143410852713,588.294573643411,2634.51550387597,21.046511627907,345.852713178295,3.95348837209302,96.5503875968992
"Wisconsin",2006,5556506,160.8384837522,486.600752343289,2081.91982515631,22.190203699951,252.460809004795,2.96949197931218,100.134868926624
"Wisconsin",2016,5778708,186.287315434523,336.147803280595,1424.83406325428,25.2305532655396,172.322256116765,3.96282352387419,81.4368886609256
"Wyoming",1966,329000,44.9848024316109,383.890577507599,1597.87234042553,12.1580547112462,150.759878419453,4.86322188449848,20.9726443768997
"Wyoming",1976,390000,157.179487179487,764.615384615385,2750.25641025641,24.8717948717949,242.051282051282,6.92307692307692,29.2307692307692
"Wyoming",1986,507000,243.392504930966,817.357001972387,3078.10650887574,21.8934911242604,168.639053254438,5.32544378698225,22.4852071005917
"Wyoming",1996,481000,196.881496881497,661.954261954262,3203.3264033264,29.1060291060291,139.085239085239,3.32640332640333,20.3742203742204
"Wyoming",2006,515004,207.959549828739,450.870284502645,2379.5931682084,29.3201606201117,156.115292308409,2.52425223881756,13.9804739380665
"Wyoming",2016,585501,195.729810879913,302.475999187021,1518.18698857901,25.6190851937059,136.635121033098,3.41587802582745,10.076840176191
